"Source:","C:\Users\andyk\Google Drive\Ham Radio & Scanner\ActiveSplitter\ActiveSplitter\ActiveSplitter.kicad_sch"
"Date:","12/9/2023 4:56:37 PM"
"Tool:","Eeschema 7.0.9"
"Generator:","C:\Program Files\KiCad\7.0\bin\scripting\plugins/bom_csv_grouped_by_value.py"
"Component Count:","24"

"Collated Components:"

"Item","Qty","Reference(s)","Value","LibPart","Footprint","Datasheet","DNP"
"1","2","C1, C3","100p","ActiveSplitter-eagle-import:C-EUC0603","Capacitor_SMD:C_0603_1608Metric_Pad1.08x0.95mm_HandSolder","",""
"2","1","C2","10n","ActiveSplitter-eagle-import:C-EUC0603","Capacitor_SMD:C_0603_1608Metric_Pad1.08x0.95mm_HandSolder","",""
"3","4","J1, J2, J3, J4","SMA_EDGE","ActiveSplitter-eagle-import:SMA_EDGE","Connector_Coaxial:SMA_Amphenol_132291_Vertical","",""
"4","1","J5","SMA_EDGE","ActiveSplitter-eagle-import:SMA_EDGE","Connector_Coaxial:SMA_Amphenol_132291-12_Vertical","",""
"5","2","J6, J7","Conn_01x28_Pin","Connector:Conn_01x28_Pin","Connector_PinHeader_2.54mm:PinHeader_1x28_P2.54mm_Vertical","~",""
"6","2","J8, J9","Conn_01x12_Pin","Connector:Conn_01x12_Pin","Connector_PinHeader_2.54mm:PinHeader_1x12_P2.54mm_Vertical","~",""
"7","2","L1, L2","200n","ActiveSplitter-eagle-import:INDUCTOR0603","Inductor_SMD:L_0603_1608Metric_Pad1.05x0.95mm_HandSolder","",""
"8","9","R1, R2, R3, R4, R5, R6, R7, R8, R9","R","Device:R","Resistor_SMD:R_0603_1608Metric_Pad0.98x0.95mm_HandSolder","~",""
"9","1","U1","PSA4-5043","ActiveSplitter-eagle-import:PSA4-5043","Package_TO_SOT_SMD:SOT-343_SC-70-4_Handsoldering","",""
